{
  "lang":"de",
  "name":"pipeline",
  "version":"0.0.0",
  "spacy_version":">=3.1.3,<3.2.0",
  "description":"",
  "author":"",
  "email":"",
  "url":"",
  "license":"",
  "spacy_git_version":"8bda39f08",
  "vectors":{
    "width":0,
    "vectors":0,
    "keys":0,
    "name":null
  },
  "labels":{
    "tok2vec":[

    ],
    "ner":[
      "DAT",
      "LOC",
      "PER",
      "WEA"
    ]
  },
  "pipeline":[
    "tok2vec",
    "ner"
  ],
  "components":[
    "tok2vec",
    "ner"
  ],
  "disabled":[

  ],
  "performance":{
    "ents_f":0.6527249683,
    "ents_p":0.6987788331,
    "ents_r":0.6123662307,
    "ents_per_type":{
      "PER":{
        "p":0.4928571429,
        "r":0.3365853659,
        "f":0.4
      },
      "LOC":{
        "p":0.7102272727,
        "r":0.6476683938,
        "f":0.6775067751
      },
      "DAT":{
        "p":0.8245614035,
        "r":0.7704918033,
        "f":0.7966101695
      },
      "WEA":{
        "p":0.7786259542,
        "r":0.796875,
        "f":0.7876447876
      }
    },
    "tok2vec_loss":772.2717957246,
    "ner_loss":392.3839489118
  }
}