{
  "lang":"de",
  "name":"pipeline",
  "version":"0.0.0",
  "spacy_version":">=3.1.3,<3.2.0",
  "description":"",
  "author":"",
  "email":"",
  "url":"",
  "license":"",
  "spacy_git_version":"8bda39f08",
  "vectors":{
    "width":0,
    "vectors":0,
    "keys":0,
    "name":null
  },
  "labels":{
    "tok2vec":[

    ],
    "ner":[
      "DAT",
      "LOC",
      "PER",
      "WEA"
    ]
  },
  "pipeline":[
    "tok2vec",
    "ner"
  ],
  "components":[
    "tok2vec",
    "ner"
  ],
  "disabled":[

  ],
  "performance":{
    "ents_f":0.6623292128,
    "ents_p":0.7313218391,
    "ents_r":0.6052318668,
    "ents_per_type":{
      "PER":{
        "p":0.5423728814,
        "r":0.312195122,
        "f":0.3962848297
      },
      "LOC":{
        "p":0.7098591549,
        "r":0.6528497409,
        "f":0.6801619433
      },
      "DAT":{
        "p":0.9065420561,
        "r":0.7950819672,
        "f":0.8471615721
      },
      "WEA":{
        "p":0.8275862069,
        "r":0.75,
        "f":0.7868852459
      }
    },
    "tok2vec_loss":475.6468155614,
    "ner_loss":721.1096682621
  }
}